file,line,type,commit,author,date,time,timezone,datetime,depth,length
style.css,1,css,7ba4ac4b,v1zhu,2026-04-10,21:00:52,-07:00,2026-04-10T21:00:52-07:00,0,5
style.css,2,css,7ba4ac4b,v1zhu,2026-04-10,21:00:52,-07:00,2026-04-10T21:00:52-07:00,1,31
style.css,3,css,7ba4ac4b,v1zhu,2026-04-10,21:00:52,-07:00,2026-04-10T21:00:52-07:00,0,0
style.css,4,css,7ba4ac4b,v1zhu,2026-04-10,21:00:52,-07:00,2026-04-10T21:00:52-07:00,0,4
style.css,5,css,7ba4ac4b,v1zhu,2026-04-10,21:00:52,-07:00,2026-04-10T21:00:52-07:00,1,32
style.css,6,css,49c9ed18,v1zhu,2026-04-17,18:33:40,-07:00,2026-04-17T18:33:40-07:00,1,23
style.css,7,css,7ba4ac4b,v1zhu,2026-04-10,21:00:52,-07:00,2026-04-10T21:00:52-07:00,0,0
style.css,8,css,8655fa7b,v1zhu,2026-04-03,20:02:00,-07:00,2026-04-03T20:02:00-07:00,0,4
style.css,9,css,8655fa7b,v1zhu,2026-04-03,20:02:00,-07:00,2026-04-03T20:02:00-07:00,1,43
style.css,10,css,8655fa7b,v1zhu,2026-04-03,20:02:00,-07:00,2026-04-03T20:02:00-07:00,0,42
style.css,11,css,8655fa7b,v1zhu,2026-04-03,20:02:00,-07:00,2026-04-03T20:02:00-07:00,0,0
style.css,12,css,8655fa7b,v1zhu,2026-04-03,20:02:00,-07:00,2026-04-03T20:02:00-07:00,1,23
style.css,13,css,7ba4ac4b,v1zhu,2026-04-10,21:00:52,-07:00,2026-04-10T21:00:52-07:00,1,15
style.css,14,css,7ba4ac4b,v1zhu,2026-04-10,21:00:52,-07:00,2026-04-10T21:00:52-07:00,1,18
style.css,15,css,7ba4ac4b,v1zhu,2026-04-10,21:00:52,-07:00,2026-04-10T21:00:52-07:00,1,12
style.css,16,css,7ba4ac4b,v1zhu,2026-04-10,21:00:52,-07:00,2026-04-10T21:00:52-07:00,0,0
style.css,17,css,7ba4ac4b,v1zhu,2026-04-10,21:00:52,-07:00,2026-04-10T21:00:52-07:00,0,3
style.css,18,css,7ba4ac4b,v1zhu,2026-04-10,21:00:52,-07:00,2026-04-10T21:00:52-07:00,1,12
style.css,19,css,49c9ed18,v1zhu,2026-04-17,18:33:40,-07:00,2026-04-17T18:33:40-07:00,1,39
style.css,20,css,7ba4ac4b,v1zhu,2026-04-10,21:00:52,-07:00,2026-04-10T21:00:52-07:00,1,18
style.css,21,css,7ba4ac4b,v1zhu,2026-04-10,21:00:52,-07:00,2026-04-10T21:00:52-07:00,1,23
style.css,22,css,7ba4ac4b,v1zhu,2026-04-10,21:00:52,-07:00,2026-04-10T21:00:52-07:00,1,25
style.css,23,css,49c9ed18,v1zhu,2026-04-17,18:33:40,-07:00,2026-04-17T18:33:40-07:00,1,39
style.css,24,css,7ba4ac4b,v1zhu,2026-04-10,21:00:52,-07:00,2026-04-10T21:00:52-07:00,1,0
style.css,25,css,7ba4ac4b,v1zhu,2026-04-10,21:00:52,-07:00,2026-04-10T21:00:52-07:00,0,0
style.css,26,css,7ba4ac4b,v1zhu,2026-04-10,21:00:52,-07:00,2026-04-10T21:00:52-07:00,0,5
style.css,27,css,7ba4ac4b,v1zhu,2026-04-10,21:00:52,-07:00,2026-04-10T21:00:52-07:00,1,6
style.css,28,css,7ba4ac4b,v1zhu,2026-04-10,21:00:52,-07:00,2026-04-10T21:00:52-07:00,1,20
style.css,29,css,7ba4ac4b,v1zhu,2026-04-10,21:00:52,-07:00,2026-04-10T21:00:52-07:00,1,13
style.css,30,css,7ba4ac4b,v1zhu,2026-04-10,21:00:52,-07:00,2026-04-10T21:00:52-07:00,1,17
style.css,31,css,7ba4ac4b,v1zhu,2026-04-10,21:00:52,-07:00,2026-04-10T21:00:52-07:00,1,13
style.css,32,css,7ba4ac4b,v1zhu,2026-04-10,21:00:52,-07:00,2026-04-10T21:00:52-07:00,0,0
style.css,33,css,7ba4ac4b,v1zhu,2026-04-10,21:00:52,-07:00,2026-04-10T21:00:52-07:00,0,13
style.css,34,css,49c9ed18,v1zhu,2026-04-17,18:33:40,-07:00,2026-04-17T18:33:40-07:00,1,45
style.css,35,css,7ba4ac4b,v1zhu,2026-04-10,21:00:52,-07:00,2026-04-10T21:00:52-07:00,1,34
style.css,36,css,7ba4ac4b,v1zhu,2026-04-10,21:00:52,-07:00,2026-04-10T21:00:52-07:00,0,0
style.css,37,css,7ba4ac4b,v1zhu,2026-04-10,21:00:52,-07:00,2026-04-10T21:00:52-07:00,0,0
style.css,38,css,7ba4ac4b,v1zhu,2026-04-10,21:00:52,-07:00,2026-04-10T21:00:52-07:00,0,11
style.css,39,css,7ba4ac4b,v1zhu,2026-04-10,21:00:52,-07:00,2026-04-10T21:00:52-07:00,1,45
style.css,40,css,49c9ed18,v1zhu,2026-04-17,18:33:40,-07:00,2026-04-17T18:33:40-07:00,1,69
style.css,41,css,7ba4ac4b,v1zhu,2026-04-10,21:00:52,-07:00,2026-04-10T21:00:52-07:00,1,34
style.css,42,css,7ba4ac4b,v1zhu,2026-04-10,21:00:52,-07:00,2026-04-10T21:00:52-07:00,0,0
style.css,43,css,7ba4ac4b,v1zhu,2026-04-10,21:00:52,-07:00,2026-04-10T21:00:52-07:00,0,0
style.css,44,css,8eee5b81,v1zhu,2026-04-10,21:34:43,-07:00,2026-04-10T21:34:43-07:00,0,4
style.css,45,css,8eee5b81,v1zhu,2026-04-10,21:34:43,-07:00,2026-04-10T21:34:43-07:00,1,12
style.css,46,css,8eee5b81,v1zhu,2026-04-10,21:34:43,-07:00,2026-04-10T21:34:43-07:00,1,30
style.css,47,css,8eee5b81,v1zhu,2026-04-10,21:34:43,-07:00,2026-04-10T21:34:43-07:00,1,7
style.css,48,css,8eee5b81,v1zhu,2026-04-10,21:34:43,-07:00,2026-04-10T21:34:43-07:00,0,0
style.css,49,css,8eee5b81,v1zhu,2026-04-10,21:34:43,-07:00,2026-04-10T21:34:43-07:00,0,0
style.css,50,css,8eee5b81,v1zhu,2026-04-10,21:34:43,-07:00,2026-04-10T21:34:43-07:00,0,5
style.css,51,css,8eee5b81,v1zhu,2026-04-10,21:34:43,-07:00,2026-04-10T21:34:43-07:00,1,18
style.css,52,css,8eee5b81,v1zhu,2026-04-10,21:34:43,-07:00,2026-04-10T21:34:43-07:00,1,12
style.css,53,css,8eee5b81,v1zhu,2026-04-10,21:34:43,-07:00,2026-04-10T21:34:43-07:00,1,29
style.css,54,css,8eee5b81,v1zhu,2026-04-10,21:34:43,-07:00,2026-04-10T21:34:43-07:00,0,0
style.css,55,css,8eee5b81,v1zhu,2026-04-10,21:34:43,-07:00,2026-04-10T21:34:43-07:00,0,0
style.css,56,css,7ba4ac4b,v1zhu,2026-04-10,21:00:52,-07:00,2026-04-10T21:00:52-07:00,0,4
style.css,57,css,49c9ed18,v1zhu,2026-04-17,18:33:40,-07:00,2026-04-17T18:33:40-07:00,0,7
style.css,58,css,49c9ed18,v1zhu,2026-04-17,18:33:40,-07:00,2026-04-17T18:33:40-07:00,0,6
style.css,59,css,8eee5b81,v1zhu,2026-04-10,21:34:43,-07:00,2026-04-10T21:34:43-07:00,1,13
style.css,60,css,49c9ed18,v1zhu,2026-04-17,18:33:40,-07:00,2026-04-17T18:33:40-07:00,1,12
style.css,61,css,8eee5b81,v1zhu,2026-04-10,21:34:43,-07:00,2026-04-10T21:34:43-07:00,0,0
style.css,62,css,8eee5b81,v1zhu,2026-04-10,21:34:43,-07:00,2026-04-10T21:34:43-07:00,0,0
style.css,63,css,7ba4ac4b,v1zhu,2026-04-10,21:00:52,-07:00,2026-04-10T21:00:52-07:00,0,6
style.css,64,css,8eee5b81,v1zhu,2026-04-10,21:34:43,-07:00,2026-04-10T21:34:43-07:00,1,18
style.css,65,css,7ba4ac4b,v1zhu,2026-04-10,21:00:52,-07:00,2026-04-10T21:00:52-07:00,0,0
style.css,66,css,7ba4ac4b,v1zhu,2026-04-10,21:00:52,-07:00,2026-04-10T21:00:52-07:00,0,0
style.css,67,css,8eee5b81,v1zhu,2026-04-10,21:34:43,-07:00,2026-04-10T21:34:43-07:00,0,9
style.css,68,css,8eee5b81,v1zhu,2026-04-10,21:34:43,-07:00,2026-04-10T21:34:43-07:00,1,12
style.css,69,css,8eee5b81,v1zhu,2026-04-10,21:34:43,-07:00,2026-04-10T21:34:43-07:00,1,58
style.css,70,css,8eee5b81,v1zhu,2026-04-10,21:34:43,-07:00,2026-04-10T21:34:43-07:00,1,7
style.css,71,css,8eee5b81,v1zhu,2026-04-10,21:34:43,-07:00,2026-04-10T21:34:43-07:00,0,0
style.css,72,css,8eee5b81,v1zhu,2026-04-10,21:34:43,-07:00,2026-04-10T21:34:43-07:00,0,7
style.css,73,css,8eee5b81,v1zhu,2026-04-10,21:34:43,-07:00,2026-04-10T21:34:43-07:00,1,12
style.css,74,css,8eee5b81,v1zhu,2026-04-10,21:34:43,-07:00,2026-04-10T21:34:43-07:00,1,26
style.css,75,css,8eee5b81,v1zhu,2026-04-10,21:34:43,-07:00,2026-04-10T21:34:43-07:00,1,15
style.css,76,css,8eee5b81,v1zhu,2026-04-10,21:34:43,-07:00,2026-04-10T21:34:43-07:00,1,7
style.css,77,css,8eee5b81,v1zhu,2026-04-10,21:34:43,-07:00,2026-04-10T21:34:43-07:00,0,0
style.css,78,css,8eee5b81,v1zhu,2026-04-10,21:34:43,-07:00,2026-04-10T21:34:43-07:00,0,10
style.css,79,css,8eee5b81,v1zhu,2026-04-10,21:34:43,-07:00,2026-04-10T21:34:43-07:00,1,8
style.css,80,css,8eee5b81,v1zhu,2026-04-10,21:34:43,-07:00,2026-04-10T21:34:43-07:00,0,0
style.css,81,css,8eee5b81,v1zhu,2026-04-10,21:34:43,-07:00,2026-04-10T21:34:43-07:00,0,2
style.css,82,css,8eee5b81,v1zhu,2026-04-10,21:34:43,-07:00,2026-04-10T21:34:43-07:00,1,14
style.css,83,css,8eee5b81,v1zhu,2026-04-10,21:34:43,-07:00,2026-04-10T21:34:43-07:00,0,0
style.css,84,css,8eee5b81,v1zhu,2026-04-10,21:34:43,-07:00,2026-04-10T21:34:43-07:00,0,22
style.css,85,css,8eee5b81,v1zhu,2026-04-10,21:34:43,-07:00,2026-04-10T21:34:43-07:00,1,15
style.css,86,css,8eee5b81,v1zhu,2026-04-10,21:34:43,-07:00,2026-04-10T21:34:43-07:00,1,17
style.css,87,css,8eee5b81,v1zhu,2026-04-10,21:34:43,-07:00,2026-04-10T21:34:43-07:00,0,0
style.css,88,css,8eee5b81,v1zhu,2026-04-10,21:34:43,-07:00,2026-04-10T21:34:43-07:00,0,0
style.css,89,css,8eee5b81,v1zhu,2026-04-10,21:34:43,-07:00,2026-04-10T21:34:43-07:00,0,6
style.css,90,css,8eee5b81,v1zhu,2026-04-10,21:34:43,-07:00,2026-04-10T21:34:43-07:00,1,19
style.css,91,css,8eee5b81,v1zhu,2026-04-10,21:34:43,-07:00,2026-04-10T21:34:43-07:00,1,17
style.css,92,css,8eee5b81,v1zhu,2026-04-10,21:34:43,-07:00,2026-04-10T21:34:43-07:00,0,0
style.css,93,css,8eee5b81,v1zhu,2026-04-10,21:34:43,-07:00,2026-04-10T21:34:43-07:00,0,0
style.css,94,css,8eee5b81,v1zhu,2026-04-10,21:34:43,-07:00,2026-04-10T21:34:43-07:00,0,9
style.css,95,css,8eee5b81,v1zhu,2026-04-10,21:34:43,-07:00,2026-04-10T21:34:43-07:00,1,13
style.css,96,css,49c9ed18,v1zhu,2026-04-17,18:33:40,-07:00,2026-04-17T18:33:40-07:00,0,0
style.css,97,css,49c9ed18,v1zhu,2026-04-17,18:33:40,-07:00,2026-04-17T18:33:40-07:00,0,0
style.css,98,css,49c9ed18,v1zhu,2026-04-17,18:33:40,-07:00,2026-04-17T18:33:40-07:00,0,13
style.css,99,css,49c9ed18,v1zhu,2026-04-17,18:33:40,-07:00,2026-04-17T18:33:40-07:00,1,17
style.css,100,css,49c9ed18,v1zhu,2026-04-17,18:33:40,-07:00,2026-04-17T18:33:40-07:00,1,8
style.css,101,css,49c9ed18,v1zhu,2026-04-17,18:33:40,-07:00,2026-04-17T18:33:40-07:00,1,10
style.css,102,css,49c9ed18,v1zhu,2026-04-17,18:33:40,-07:00,2026-04-17T18:33:40-07:00,1,13
style.css,103,css,49c9ed18,v1zhu,2026-04-17,18:33:40,-07:00,2026-04-17T18:33:40-07:00,1,19
style.css,104,css,5e5705b5,v1zhu,2026-04-24,22:02:49,-07:00,2026-04-24T22:02:49-07:00,0,0
style.css,105,css,5e5705b5,v1zhu,2026-04-24,22:02:49,-07:00,2026-04-24T22:02:49-07:00,0,0
style.css,106,css,5e5705b5,v1zhu,2026-04-24,22:02:49,-07:00,2026-04-24T22:02:49-07:00,0,17
style.css,107,css,5e5705b5,v1zhu,2026-04-24,22:02:49,-07:00,2026-04-24T22:02:49-07:00,1,12
style.css,108,css,5e5705b5,v1zhu,2026-04-24,22:02:49,-07:00,2026-04-24T22:02:49-07:00,1,36
style.css,109,css,5e5705b5,v1zhu,2026-04-24,22:02:49,-07:00,2026-04-24T22:02:49-07:00,0,0
style.css,110,css,5e5705b5,v1zhu,2026-04-24,22:02:49,-07:00,2026-04-24T22:02:49-07:00,0,0
style.css,111,css,5e5705b5,v1zhu,2026-04-24,22:02:49,-07:00,2026-04-24T22:02:49-07:00,0,17
style.css,112,css,5e5705b5,v1zhu,2026-04-24,22:02:49,-07:00,2026-04-24T22:02:49-07:00,1,10
style.css,113,css,5e5705b5,v1zhu,2026-04-24,22:02:49,-07:00,2026-04-24T22:02:49-07:00,1,16
style.css,114,css,5e5705b5,v1zhu,2026-04-24,22:02:49,-07:00,2026-04-24T22:02:49-07:00,0,0
style.css,115,css,5e5705b5,v1zhu,2026-04-24,22:02:49,-07:00,2026-04-24T22:02:49-07:00,0,0
style.css,116,css,5e5705b5,v1zhu,2026-04-24,22:02:49,-07:00,2026-04-24T22:02:49-07:00,0,17
style.css,117,css,5e5705b5,v1zhu,2026-04-24,22:02:49,-07:00,2026-04-24T22:02:49-07:00,1,10
style.css,118,css,5e5705b5,v1zhu,2026-04-24,22:02:49,-07:00,2026-04-24T22:02:49-07:00,1,8
style.css,119,css,06a63bf7,v1zhu,2026-05-01,22:07:29,-07:00,2026-05-01T22:07:29-07:00,0,0
style.css,120,css,06a63bf7,v1zhu,2026-05-01,22:07:29,-07:00,2026-05-01T22:07:29-07:00,0,0
style.css,121,css,06a63bf7,v1zhu,2026-05-01,22:07:29,-07:00,2026-05-01T22:07:29-07:00,0,18
style.css,122,css,06a63bf7,v1zhu,2026-05-01,22:07:29,-07:00,2026-05-01T22:07:29-07:00,1,14
style.css,123,css,06a63bf7,v1zhu,2026-05-01,22:07:29,-07:00,2026-05-01T22:07:29-07:00,1,16
style.css,124,css,06a63bf7,v1zhu,2026-05-01,22:07:29,-07:00,2026-05-01T22:07:29-07:00,1,16
style.css,125,css,06a63bf7,v1zhu,2026-05-01,22:07:29,-07:00,2026-05-01T22:07:29-07:00,0,0
style.css,126,css,06a63bf7,v1zhu,2026-05-01,22:07:29,-07:00,2026-05-01T22:07:29-07:00,0,0
style.css,127,css,06a63bf7,v1zhu,2026-05-01,22:07:29,-07:00,2026-05-01T22:07:29-07:00,0,0
style.css,128,css,06a63bf7,v1zhu,2026-05-01,22:07:29,-07:00,2026-05-01T22:07:29-07:00,0,13
style.css,129,css,06a63bf7,v1zhu,2026-05-01,22:07:29,-07:00,2026-05-01T22:07:29-07:00,1,30
style.css,130,css,06a63bf7,v1zhu,2026-05-01,22:07:29,-07:00,2026-05-01T22:07:29-07:00,1,34
style.css,131,css,06a63bf7,v1zhu,2026-05-01,22:07:29,-07:00,2026-05-01T22:07:29-07:00,1,58
style.css,132,css,06a63bf7,v1zhu,2026-05-01,22:07:29,-07:00,2026-05-01T22:07:29-07:00,1,17
style.css,133,css,06a63bf7,v1zhu,2026-05-01,22:07:29,-07:00,2026-05-01T22:07:29-07:00,0,0
style.css,134,css,06a63bf7,v1zhu,2026-05-01,22:07:29,-07:00,2026-05-01T22:07:29-07:00,0,0
style.css,135,css,06a63bf7,v1zhu,2026-05-01,22:07:29,-07:00,2026-05-01T22:07:29-07:00,0,17
style.css,136,css,06a63bf7,v1zhu,2026-05-01,22:07:29,-07:00,2026-05-01T22:07:29-07:00,0,7
style.css,137,css,06a63bf7,v1zhu,2026-05-01,22:07:29,-07:00,2026-05-01T22:07:29-07:00,1,12
style.css,138,css,06a63bf7,v1zhu,2026-05-01,22:07:29,-07:00,2026-05-01T22:07:29-07:00,1,57
style.css,139,css,06a63bf7,v1zhu,2026-05-01,22:07:29,-07:00,2026-05-01T22:07:29-07:00,1,9
style.css,140,css,06a63bf7,v1zhu,2026-05-01,22:07:29,-07:00,2026-05-01T22:07:29-07:00,0,0
style.css,141,css,06a63bf7,v1zhu,2026-05-01,22:07:29,-07:00,2026-05-01T22:07:29-07:00,1,15
style.css,142,css,06a63bf7,v1zhu,2026-05-01,22:07:29,-07:00,2026-05-01T22:07:29-07:00,1,11
style.css,143,css,06a63bf7,v1zhu,2026-05-01,22:07:29,-07:00,2026-05-01T22:07:29-07:00,1,12
style.css,144,css,06a63bf7,v1zhu,2026-05-01,22:07:29,-07:00,2026-05-01T22:07:29-07:00,0,0
style.css,145,css,06a63bf7,v1zhu,2026-05-01,22:07:29,-07:00,2026-05-01T22:07:29-07:00,1,21
style.css,146,css,06a63bf7,v1zhu,2026-05-01,22:07:29,-07:00,2026-05-01T22:07:29-07:00,1,17
style.css,147,css,06a63bf7,v1zhu,2026-05-01,22:07:29,-07:00,2026-05-01T22:07:29-07:00,1,6
style.css,148,css,06a63bf7,v1zhu,2026-05-01,22:07:29,-07:00,2026-05-01T22:07:29-07:00,0,0
style.css,149,css,06a63bf7,v1zhu,2026-05-01,22:07:29,-07:00,2026-05-01T22:07:29-07:00,0,0
style.css,150,css,06a63bf7,v1zhu,2026-05-01,22:07:29,-07:00,2026-05-01T22:07:29-07:00,0,12
style.css,151,css,06a63bf7,v1zhu,2026-05-01,22:07:29,-07:00,2026-05-01T22:07:29-07:00,1,12
style.css,152,css,06a63bf7,v1zhu,2026-05-01,22:07:29,-07:00,2026-05-01T22:07:29-07:00,1,18
style.css,153,css,06a63bf7,v1zhu,2026-05-01,22:07:29,-07:00,2026-05-01T22:07:29-07:00,1,39
style.css,154,css,06a63bf7,v1zhu,2026-05-01,22:07:29,-07:00,2026-05-01T22:07:29-07:00,0,0
style.css,155,css,06a63bf7,v1zhu,2026-05-01,22:07:29,-07:00,2026-05-01T22:07:29-07:00,0,0
style.css,156,css,06a63bf7,v1zhu,2026-05-01,22:07:29,-07:00,2026-05-01T22:07:29-07:00,0,17
style.css,157,css,06a63bf7,v1zhu,2026-05-01,22:07:29,-07:00,2026-05-01T22:07:29-07:00,0,7
style.css,158,css,06a63bf7,v1zhu,2026-05-01,22:07:29,-07:00,2026-05-01T22:07:29-07:00,1,20
style.css,159,css,06a63bf7,v1zhu,2026-05-01,22:07:29,-07:00,2026-05-01T22:07:29-07:00,1,9
style.css,160,css,06a63bf7,v1zhu,2026-05-01,22:07:29,-07:00,2026-05-01T22:07:29-07:00,1,18
style.css,161,css,06a63bf7,v1zhu,2026-05-01,22:07:29,-07:00,2026-05-01T22:07:29-07:00,1,29
style.css,162,css,06a63bf7,v1zhu,2026-05-01,22:07:29,-07:00,2026-05-01T22:07:29-07:00,1,17
style.css,163,css,06a63bf7,v1zhu,2026-05-01,22:07:29,-07:00,2026-05-01T22:07:29-07:00,0,0
style.css,164,css,06a63bf7,v1zhu,2026-05-01,22:07:29,-07:00,2026-05-01T22:07:29-07:00,0,0
style.css,165,css,06a63bf7,v1zhu,2026-05-01,22:07:29,-07:00,2026-05-01T22:07:29-07:00,0,10
style.css,166,css,06a63bf7,v1zhu,2026-05-01,22:07:29,-07:00,2026-05-01T22:07:29-07:00,1,12
style.css,167,css,06a63bf7,v1zhu,2026-05-01,22:07:29,-07:00,2026-05-01T22:07:29-07:00,1,18
style.css,168,css,06a63bf7,v1zhu,2026-05-01,22:07:29,-07:00,2026-05-01T22:07:29-07:00,1,8
style.css,169,css,06a63bf7,v1zhu,2026-05-01,22:07:29,-07:00,2026-05-01T22:07:29-07:00,0,0
style.css,170,css,06a63bf7,v1zhu,2026-05-01,22:07:29,-07:00,2026-05-01T22:07:29-07:00,0,0
style.css,171,css,06a63bf7,v1zhu,2026-05-01,22:07:29,-07:00,2026-05-01T22:07:29-07:00,0,10
style.css,172,css,06a63bf7,v1zhu,2026-05-01,22:07:29,-07:00,2026-05-01T22:07:29-07:00,1,13
style.css,173,css,06a63bf7,v1zhu,2026-05-01,22:07:29,-07:00,2026-05-01T22:07:29-07:00,1,10
style.css,174,css,06a63bf7,v1zhu,2026-05-01,22:07:29,-07:00,2026-05-01T22:07:29-07:00,1,15
style.css,175,css,06a63bf7,v1zhu,2026-05-01,22:07:29,-07:00,2026-05-01T22:07:29-07:00,1,15
style.css,176,css,06a63bf7,v1zhu,2026-05-01,22:07:29,-07:00,2026-05-01T22:07:29-07:00,1,18
style.css,177,css,06a63bf7,v1zhu,2026-05-01,22:07:29,-07:00,2026-05-01T22:07:29-07:00,1,16
style.css,178,css,06a63bf7,v1zhu,2026-05-01,22:07:29,-07:00,2026-05-01T22:07:29-07:00,1,21
style.css,179,css,06a63bf7,v1zhu,2026-05-01,22:07:29,-07:00,2026-05-01T22:07:29-07:00,1,17
style.css,180,css,06a63bf7,v1zhu,2026-05-01,22:07:29,-07:00,2026-05-01T22:07:29-07:00,0,0
style.css,181,css,06a63bf7,v1zhu,2026-05-01,22:07:29,-07:00,2026-05-01T22:07:29-07:00,0,0
style.css,182,css,06a63bf7,v1zhu,2026-05-01,22:07:29,-07:00,2026-05-01T22:07:29-07:00,0,51
style.css,183,css,06a63bf7,v1zhu,2026-05-01,22:07:29,-07:00,2026-05-01T22:07:29-07:00,1,11
style.css,184,css,06a63bf7,v1zhu,2026-05-01,22:07:29,-07:00,2026-05-01T22:07:29-07:00,0,0
style.css,185,css,06a63bf7,v1zhu,2026-05-01,22:07:29,-07:00,2026-05-01T22:07:29-07:00,0,0
style.css,186,css,06a63bf7,v1zhu,2026-05-01,22:07:29,-07:00,2026-05-01T22:07:29-07:00,0,23
style.css,187,css,06a63bf7,v1zhu,2026-05-01,22:07:29,-07:00,2026-05-01T22:07:29-07:00,1,16
style.css,188,css,06a63bf7,v1zhu,2026-05-01,22:07:29,-07:00,2026-05-01T22:07:29-07:00,1,14
style.css,189,css,06a63bf7,v1zhu,2026-05-01,22:07:29,-07:00,2026-05-01T22:07:29-07:00,0,0
style.css,190,css,06a63bf7,v1zhu,2026-05-01,22:07:29,-07:00,2026-05-01T22:07:29-07:00,0,0
style.css,191,css,06a63bf7,v1zhu,2026-05-01,22:07:29,-07:00,2026-05-01T22:07:29-07:00,0,9
style.css,192,css,06a63bf7,v1zhu,2026-05-01,22:07:29,-07:00,2026-05-01T22:07:29-07:00,1,49
style.css,193,css,06a63bf7,v1zhu,2026-05-01,22:07:29,-07:00,2026-05-01T22:07:29-07:00,1,9
style.css,194,css,06a63bf7,v1zhu,2026-05-01,22:07:29,-07:00,2026-05-01T22:07:29-07:00,0,0
style.css,195,css,06a63bf7,v1zhu,2026-05-01,22:07:29,-07:00,2026-05-01T22:07:29-07:00,0,0
style.css,196,css,06a63bf7,v1zhu,2026-05-01,22:07:29,-07:00,2026-05-01T22:07:29-07:00,0,18
style.css,197,css,06a63bf7,v1zhu,2026-05-01,22:07:29,-07:00,2026-05-01T22:07:29-07:00,1,17
style.css,198,css,06a63bf7,v1zhu,2026-05-01,22:07:29,-07:00,2026-05-01T22:07:29-07:00,0,0
style.css,199,css,06a63bf7,v1zhu,2026-05-01,22:07:29,-07:00,2026-05-01T22:07:29-07:00,0,0
style.css,200,css,06a63bf7,v1zhu,2026-05-01,22:07:29,-07:00,2026-05-01T22:07:29-07:00,0,17
style.css,201,css,06a63bf7,v1zhu,2026-05-01,22:07:29,-07:00,2026-05-01T22:07:29-07:00,1,29
style.css,202,css,8655fa7b,v1zhu,2026-04-03,20:02:00,-07:00,2026-04-03T20:02:00-07:00,0,0
index.js,1,js,ef8d3795,v1zhu,2026-04-24,22:10:59,-07:00,2026-04-24T22:10:59-07:00,0,81
index.js,2,js,ef8d3795,v1zhu,2026-04-24,22:10:59,-07:00,2026-04-24T22:10:59-07:00,0,64
index.js,3,js,5e5705b5,v1zhu,2026-04-24,22:02:49,-07:00,2026-04-24T22:02:49-07:00,0,42
index.js,4,js,5e5705b5,v1zhu,2026-04-24,22:02:49,-07:00,2026-04-24T22:02:49-07:00,0,60
index.js,5,js,5e5705b5,v1zhu,2026-04-24,22:02:49,-07:00,2026-04-24T22:02:49-07:00,0,54
index.js,6,js,5e5705b5,v1zhu,2026-04-24,22:02:49,-07:00,2026-04-24T22:02:49-07:00,0,48
index.js,7,js,5e5705b5,v1zhu,2026-04-24,22:02:49,-07:00,2026-04-24T22:02:49-07:00,0,60
index.js,8,js,5e5705b5,v1zhu,2026-04-24,22:02:49,-07:00,2026-04-24T22:02:49-07:00,0,0
index.js,9,js,5e5705b5,v1zhu,2026-04-24,22:02:49,-07:00,2026-04-24T22:02:49-07:00,0,17
index.js,10,js,5e5705b5,v1zhu,2026-04-24,22:02:49,-07:00,2026-04-24T22:02:49-07:00,1,24
index.js,11,js,5e5705b5,v1zhu,2026-04-24,22:02:49,-07:00,2026-04-24T22:02:49-07:00,4,2
index.js,12,js,5e5705b5,v1zhu,2026-04-24,22:02:49,-07:00,2026-04-24T22:02:49-07:00,5,55
index.js,13,js,5e5705b5,v1zhu,2026-04-24,22:02:49,-07:00,2026-04-24T22:02:49-07:00,5,55
index.js,14,js,5e5705b5,v1zhu,2026-04-24,22:02:49,-07:00,2026-04-24T22:02:49-07:00,5,49
index.js,15,js,5e5705b5,v1zhu,2026-04-24,22:02:49,-07:00,2026-04-24T22:02:49-07:00,5,49
index.js,16,js,5e5705b5,v1zhu,2026-04-24,22:02:49,-07:00,2026-04-24T22:02:49-07:00,4,3
index.js,17,js,5e5705b5,v1zhu,2026-04-24,22:02:49,-07:00,2026-04-24T22:02:49-07:00,2,0
index.js,18,js,5e5705b5,v1zhu,2026-04-24,22:02:49,-07:00,2026-04-24T22:02:49-07:00,0,0
index.html,1,html,61a9778c,v1zhu,2026-04-03,18:53:30,-07:00,2026-04-03T18:53:30-07:00,0,13
index.html,2,html,61a9778c,v1zhu,2026-04-03,18:53:30,-07:00,2026-04-03T18:53:30-07:00,0,14
index.html,3,html,61a9778c,v1zhu,2026-04-03,18:53:30,-07:00,2026-04-03T18:53:30-07:00,0,4
index.html,4,html,61a9778c,v1zhu,2026-04-03,18:53:30,-07:00,2026-04-03T18:53:30-07:00,2,20
index.html,5,html,61a9778c,v1zhu,2026-04-03,18:53:30,-07:00,2026-04-03T18:53:30-07:00,2,68
index.html,6,html,61a9778c,v1zhu,2026-04-03,18:53:30,-07:00,2026-04-03T18:53:30-07:00,2,52
index.html,7,html,8655fa7b,v1zhu,2026-04-03,20:02:00,-07:00,2026-04-03T20:02:00-07:00,2,38
index.html,8,html,49c9ed18,v1zhu,2026-04-17,18:33:40,-07:00,2026-04-17T18:33:40-07:00,2,45
index.html,9,html,5e5705b5,v1zhu,2026-04-24,22:02:49,-07:00,2026-04-24T22:02:49-07:00,2,50
index.html,10,html,8655fa7b,v1zhu,2026-04-03,20:02:00,-07:00,2026-04-03T20:02:00-07:00,0,5
index.html,11,html,8655fa7b,v1zhu,2026-04-03,20:02:00,-07:00,2026-04-03T20:02:00-07:00,0,4
index.html,12,html,49c9ed18,v1zhu,2026-04-17,18:33:40,-07:00,2026-04-17T18:33:40-07:00,2,0
index.html,13,html,7ba4ac4b,v1zhu,2026-04-10,21:00:52,-07:00,2026-04-10T21:00:52-07:00,2,18
index.html,14,html,7ba4ac4b,v1zhu,2026-04-10,21:00:52,-07:00,2026-04-10T21:00:52-07:00,2,1
index.html,15,html,7ba4ac4b,v1zhu,2026-04-10,21:00:52,-07:00,2026-04-10T21:00:52-07:00,2,90
index.html,16,html,7ba4ac4b,v1zhu,2026-04-10,21:00:52,-07:00,2026-04-10T21:00:52-07:00,2,2
index.html,17,html,8eee5b81,v1zhu,2026-04-10,21:34:43,-07:00,2026-04-10T21:34:43-07:00,2,100
index.html,18,html,7ba4ac4b,v1zhu,2026-04-10,21:00:52,-07:00,2026-04-10T21:00:52-07:00,2,0
index.html,19,html,5e5705b5,v1zhu,2026-04-24,22:02:49,-07:00,2026-04-24T22:02:49-07:00,2,22
index.html,20,html,5e5705b5,v1zhu,2026-04-24,22:02:49,-07:00,2026-04-24T22:02:49-07:00,2,20
index.html,21,html,5e5705b5,v1zhu,2026-04-24,22:02:49,-07:00,2026-04-24T22:02:49-07:00,2,49
index.html,22,html,5e5705b5,v1zhu,2026-04-24,22:02:49,-07:00,2026-04-24T22:02:49-07:00,2,4
index.html,23,html,5e5705b5,v1zhu,2026-04-24,22:02:49,-07:00,2026-04-24T22:02:49-07:00,0,0
index.html,24,html,5e5705b5,v1zhu,2026-04-24,22:02:49,-07:00,2026-04-24T22:02:49-07:00,2,22
index.html,25,html,5e5705b5,v1zhu,2026-04-24,22:02:49,-07:00,2026-04-24T22:02:49-07:00,2,28
index.html,26,html,61a9778c,v1zhu,2026-04-03,18:53:30,-07:00,2026-04-03T18:53:30-07:00,0,5
index.html,27,html,61a9778c,v1zhu,2026-04-03,18:53:30,-07:00,2026-04-03T18:53:30-07:00,0,5
global.js,1,js,49c9ed18,v1zhu,2026-04-17,18:33:40,-07:00,2026-04-17T18:33:40-07:00,0,25
global.js,2,js,49c9ed18,v1zhu,2026-04-17,18:33:40,-07:00,2026-04-17T18:33:40-07:00,0,0
global.js,3,js,49c9ed18,v1zhu,2026-04-17,18:33:40,-07:00,2026-04-17T18:33:40-07:00,0,41
global.js,4,js,49c9ed18,v1zhu,2026-04-17,18:33:40,-07:00,2026-04-17T18:33:40-07:00,1,52
global.js,5,js,49c9ed18,v1zhu,2026-04-17,18:33:40,-07:00,2026-04-17T18:33:40-07:00,0,0
global.js,6,js,49c9ed18,v1zhu,2026-04-17,18:33:40,-07:00,2026-04-17T18:33:40-07:00,0,0
global.js,7,js,ef8d3795,v1zhu,2026-04-24,22:10:59,-07:00,2026-04-24T22:10:59-07:00,0,95
global.js,8,js,49c9ed18,v1zhu,2026-04-17,18:33:40,-07:00,2026-04-17T18:33:40-07:00,1,3
global.js,9,js,49c9ed18,v1zhu,2026-04-17,18:33:40,-07:00,2026-04-17T18:33:40-07:00,1,14
global.js,10,js,49c9ed18,v1zhu,2026-04-17,18:33:40,-07:00,2026-04-17T18:33:40-07:00,0,11
global.js,11,js,49c9ed18,v1zhu,2026-04-17,18:33:40,-07:00,2026-04-17T18:33:40-07:00,2,25
global.js,12,js,49c9ed18,v1zhu,2026-04-17,18:33:40,-07:00,2026-04-17T18:33:40-07:00,2,38
global.js,13,js,49c9ed18,v1zhu,2026-04-17,18:33:40,-07:00,2026-04-17T18:33:40-07:00,2,33
global.js,14,js,49c9ed18,v1zhu,2026-04-17,18:33:40,-07:00,2026-04-17T18:33:40-07:00,2,35
global.js,15,js,00000000,Not Committed Yet,2026-05-08,17:32:59,-07:00,2026-05-08T17:32:59-07:00,2,29
global.js,16,js,49c9ed18,v1zhu,2026-04-17,18:33:40,-07:00,2026-04-17T18:33:40-07:00,2,50
global.js,17,js,49c9ed18,v1zhu,2026-04-17,18:33:40,-07:00,2026-04-17T18:33:40-07:00,0,0
global.js,18,js,49c9ed18,v1zhu,2026-04-17,18:33:40,-07:00,2026-04-17T18:33:40-07:00,0,0
global.js,19,js,49c9ed18,v1zhu,2026-04-17,18:33:40,-07:00,2026-04-17T18:33:40-07:00,0,31
global.js,20,js,49c9ed18,v1zhu,2026-04-17,18:33:40,-07:00,2026-04-17T18:33:40-07:00,1,11
global.js,21,js,49c9ed18,v1zhu,2026-04-17,18:33:40,-07:00,2026-04-17T18:33:40-07:00,1,27
global.js,22,js,49c9ed18,v1zhu,2026-04-17,18:33:40,-07:00,2026-04-17T18:33:40-07:00,2,4
global.js,23,js,49c9ed18,v1zhu,2026-04-17,18:33:40,-07:00,2026-04-17T18:33:40-07:00,2,6
global.js,24,js,49c9ed18,v1zhu,2026-04-17,18:33:40,-07:00,2026-04-17T18:33:40-07:00,3,43
global.js,25,js,49c9ed18,v1zhu,2026-04-17,18:33:40,-07:00,2026-04-17T18:33:40-07:00,3,34
global.js,26,js,49c9ed18,v1zhu,2026-04-17,18:33:40,-07:00,2026-04-17T18:33:40-07:00,3,32
global.js,27,js,49c9ed18,v1zhu,2026-04-17,18:33:40,-07:00,2026-04-17T18:33:40-07:00,2,7
global.js,28,js,49c9ed18,v1zhu,2026-04-17,18:33:40,-07:00,2026-04-17T18:33:40-07:00,1,8
global.js,29,js,49c9ed18,v1zhu,2026-04-17,18:33:40,-07:00,2026-04-17T18:33:40-07:00,0,0
global.js,30,js,49c9ed18,v1zhu,2026-04-17,18:33:40,-07:00,2026-04-17T18:33:40-07:00,0,0
global.js,31,js,49c9ed18,v1zhu,2026-04-17,18:33:40,-07:00,2026-04-17T18:33:40-07:00,0,38
global.js,32,js,49c9ed18,v1zhu,2026-04-17,18:33:40,-07:00,2026-04-17T18:33:40-07:00,0,25
global.js,33,js,49c9ed18,v1zhu,2026-04-17,18:33:40,-07:00,2026-04-17T18:33:40-07:00,0,0
global.js,34,js,49c9ed18,v1zhu,2026-04-17,18:33:40,-07:00,2026-04-17T18:33:40-07:00,0,0
global.js,35,js,49c9ed18,v1zhu,2026-04-17,18:33:40,-07:00,2026-04-17T18:33:40-07:00,0,20
global.js,36,js,49c9ed18,v1zhu,2026-04-17,18:33:40,-07:00,2026-04-17T18:33:40-07:00,2,14
global.js,37,js,49c9ed18,v1zhu,2026-04-17,18:33:40,-07:00,2026-04-17T18:33:40-07:00,2,18
global.js,38,js,49c9ed18,v1zhu,2026-04-17,18:33:40,-07:00,2026-04-17T18:33:40-07:00,2,52
global.js,39,js,49c9ed18,v1zhu,2026-04-17,18:33:40,-07:00,2026-04-17T18:33:40-07:00,2,0
global.js,40,js,49c9ed18,v1zhu,2026-04-17,18:33:40,-07:00,2026-04-17T18:33:40-07:00,2,34
global.js,41,js,49c9ed18,v1zhu,2026-04-17,18:33:40,-07:00,2026-04-17T18:33:40-07:00,2,11
global.js,42,js,49c9ed18,v1zhu,2026-04-17,18:33:40,-07:00,2026-04-17T18:33:40-07:00,2,20
global.js,43,js,49c9ed18,v1zhu,2026-04-17,18:33:40,-07:00,2026-04-17T18:33:40-07:00,2,17
global.js,44,js,49c9ed18,v1zhu,2026-04-17,18:33:40,-07:00,2026-04-17T18:33:40-07:00,4,8
global.js,45,js,49c9ed18,v1zhu,2026-04-17,18:33:40,-07:00,2026-04-17T18:33:40-07:00,4,61
global.js,46,js,49c9ed18,v1zhu,2026-04-17,18:33:40,-07:00,2026-04-17T18:33:40-07:00,2,29
global.js,47,js,49c9ed18,v1zhu,2026-04-17,18:33:40,-07:00,2026-04-17T18:33:40-07:00,4,19
global.js,48,js,49c9ed18,v1zhu,2026-04-17,18:33:40,-07:00,2026-04-17T18:33:40-07:00,0,0
global.js,49,js,49c9ed18,v1zhu,2026-04-17,18:33:40,-07:00,2026-04-17T18:33:40-07:00,0,0
global.js,50,js,49c9ed18,v1zhu,2026-04-17,18:33:40,-07:00,2026-04-17T18:33:40-07:00,1,12
global.js,51,js,49c9ed18,v1zhu,2026-04-17,18:33:40,-07:00,2026-04-17T18:33:40-07:00,0,0
global.js,52,js,49c9ed18,v1zhu,2026-04-17,18:33:40,-07:00,2026-04-17T18:33:40-07:00,0,58
global.js,53,js,49c9ed18,v1zhu,2026-04-17,18:33:40,-07:00,2026-04-17T18:33:40-07:00,0,0
global.js,54,js,49c9ed18,v1zhu,2026-04-17,18:33:40,-07:00,2026-04-17T18:33:40-07:00,0,34
global.js,55,js,49c9ed18,v1zhu,2026-04-17,18:33:40,-07:00,2026-04-17T18:33:40-07:00,1,83
global.js,56,js,49c9ed18,v1zhu,2026-04-17,18:33:40,-07:00,2026-04-17T18:33:40-07:00,1,38
global.js,57,js,49c9ed18,v1zhu,2026-04-17,18:33:40,-07:00,2026-04-17T18:33:40-07:00,0,0
global.js,58,js,49c9ed18,v1zhu,2026-04-17,18:33:40,-07:00,2026-04-17T18:33:40-07:00,0,0
global.js,59,js,49c9ed18,v1zhu,2026-04-17,18:33:40,-07:00,2026-04-17T18:33:40-07:00,0,48
global.js,60,js,49c9ed18,v1zhu,2026-04-17,18:33:40,-07:00,2026-04-17T18:33:40-07:00,1,57
global.js,61,js,49c9ed18,v1zhu,2026-04-17,18:33:40,-07:00,2026-04-17T18:33:40-07:00,1,77
global.js,62,js,49c9ed18,v1zhu,2026-04-17,18:33:40,-07:00,2026-04-17T18:33:40-07:00,1,44
global.js,63,js,49c9ed18,v1zhu,2026-04-17,18:33:40,-07:00,2026-04-17T18:33:40-07:00,0,1
global.js,64,js,49c9ed18,v1zhu,2026-04-17,18:33:40,-07:00,2026-04-17T18:33:40-07:00,0,0
global.js,65,js,49c9ed18,v1zhu,2026-04-17,18:33:40,-07:00,2026-04-17T18:33:40-07:00,0,40
global.js,66,js,49c9ed18,v1zhu,2026-04-17,18:33:40,-07:00,2026-04-17T18:33:40-07:00,0,0
global.js,67,js,49c9ed18,v1zhu,2026-04-17,18:33:40,-07:00,2026-04-17T18:33:40-07:00,0,48
global.js,68,js,49c9ed18,v1zhu,2026-04-17,18:33:40,-07:00,2026-04-17T18:33:40-07:00,1,21
global.js,69,js,49c9ed18,v1zhu,2026-04-17,18:33:40,-07:00,2026-04-17T18:33:40-07:00,1,0
global.js,70,js,49c9ed18,v1zhu,2026-04-17,18:33:40,-07:00,2026-04-17T18:33:40-07:00,1,28
global.js,71,js,49c9ed18,v1zhu,2026-04-17,18:33:40,-07:00,2026-04-17T18:33:40-07:00,1,26
global.js,72,js,49c9ed18,v1zhu,2026-04-17,18:33:40,-07:00,2026-04-17T18:33:40-07:00,1,0
global.js,73,js,49c9ed18,v1zhu,2026-04-17,18:33:40,-07:00,2026-04-17T18:33:40-07:00,1,31
global.js,74,js,49c9ed18,v1zhu,2026-04-17,18:33:40,-07:00,2026-04-17T18:33:40-07:00,2,45
global.js,75,js,49c9ed18,v1zhu,2026-04-17,18:33:40,-07:00,2026-04-17T18:33:40-07:00,1,0
global.js,76,js,49c9ed18,v1zhu,2026-04-17,18:33:40,-07:00,2026-04-17T18:33:40-07:00,1,0
global.js,77,js,49c9ed18,v1zhu,2026-04-17,18:33:40,-07:00,2026-04-17T18:33:40-07:00,1,21
global.js,78,js,49c9ed18,v1zhu,2026-04-17,18:33:40,-07:00,2026-04-17T18:33:40-07:00,1,0
global.js,79,js,49c9ed18,v1zhu,2026-04-17,18:33:40,-07:00,2026-04-17T18:33:40-07:00,1,18
global.js,80,js,49c9ed18,v1zhu,2026-04-17,18:33:40,-07:00,2026-04-17T18:33:40-07:00,0,1
global.js,81,js,49c9ed18,v1zhu,2026-04-17,18:33:40,-07:00,2026-04-17T18:33:40-07:00,0,0
global.js,82,js,5e5705b5,v1zhu,2026-04-24,22:02:49,-07:00,2026-04-24T22:02:49-07:00,0,36
global.js,83,js,5e5705b5,v1zhu,2026-04-24,22:02:49,-07:00,2026-04-24T22:02:49-07:00,1,3
global.js,84,js,5e5705b5,v1zhu,2026-04-24,22:02:49,-07:00,2026-04-24T22:02:49-07:00,2,39
global.js,85,js,5e5705b5,v1zhu,2026-04-24,22:02:49,-07:00,2026-04-24T22:02:49-07:00,2,32
global.js,86,js,5e5705b5,v1zhu,2026-04-24,22:02:49,-07:00,2026-04-24T22:02:49-07:00,2,19
global.js,87,js,5e5705b5,v1zhu,2026-04-24,22:02:49,-07:00,2026-04-24T22:02:49-07:00,0,0
global.js,88,js,5e5705b5,v1zhu,2026-04-24,22:02:49,-07:00,2026-04-24T22:02:49-07:00,2,17
global.js,89,js,5e5705b5,v1zhu,2026-04-24,22:02:49,-07:00,2026-04-24T22:02:49-07:00,3,66
global.js,90,js,5e5705b5,v1zhu,2026-04-24,22:02:49,-07:00,2026-04-24T22:02:49-07:00,2,0
global.js,91,js,5e5705b5,v1zhu,2026-04-24,22:02:49,-07:00,2026-04-24T22:02:49-07:00,0,0
global.js,92,js,5e5705b5,v1zhu,2026-04-24,22:02:49,-07:00,2026-04-24T22:02:49-07:00,2,33
global.js,93,js,5e5705b5,v1zhu,2026-04-24,22:02:49,-07:00,2026-04-24T22:02:49-07:00,2,10
global.js,94,js,5e5705b5,v1zhu,2026-04-24,22:02:49,-07:00,2026-04-24T22:02:49-07:00,0,0
global.js,95,js,5e5705b5,v1zhu,2026-04-24,22:02:49,-07:00,2026-04-24T22:02:49-07:00,1,15
global.js,96,js,5e5705b5,v1zhu,2026-04-24,22:02:49,-07:00,2026-04-24T22:02:49-07:00,2,59
global.js,97,js,5e5705b5,v1zhu,2026-04-24,22:02:49,-07:00,2026-04-24T22:02:49-07:00,1,0
global.js,98,js,5e5705b5,v1zhu,2026-04-24,22:02:49,-07:00,2026-04-24T22:02:49-07:00,0,0
global.js,99,js,5e5705b5,v1zhu,2026-04-24,22:02:49,-07:00,2026-04-24T22:02:49-07:00,0,0
global.js,100,js,5e5705b5,v1zhu,2026-04-24,22:02:49,-07:00,2026-04-24T22:02:49-07:00,0,79
global.js,101,js,5e5705b5,v1zhu,2026-04-24,22:02:49,-07:00,2026-04-24T22:02:49-07:00,1,23
global.js,102,js,5e5705b5,v1zhu,2026-04-24,22:02:49,-07:00,2026-04-24T22:02:49-07:00,1,30
global.js,103,js,5e5705b5,v1zhu,2026-04-24,22:02:49,-07:00,2026-04-24T22:02:49-07:00,1,29
global.js,104,js,5e5705b5,v1zhu,2026-04-24,22:02:49,-07:00,2026-04-24T22:02:49-07:00,2,48
global.js,105,js,5e5705b5,v1zhu,2026-04-24,22:02:49,-07:00,2026-04-24T22:02:49-07:00,2,19
global.js,106,js,5e5705b5,v1zhu,2026-04-24,22:02:49,-07:00,2026-04-24T22:02:49-07:00,3,49
global.js,107,js,5e5705b5,v1zhu,2026-04-24,22:02:49,-07:00,2026-04-24T22:02:49-07:00,3,49
global.js,108,js,06a63bf7,v1zhu,2026-05-01,22:07:29,-07:00,2026-05-01T22:07:29-07:00,3,24
global.js,109,js,06a63bf7,v1zhu,2026-05-01,22:07:29,-07:00,2026-05-01T22:07:29-07:00,4,55
global.js,110,js,06a63bf7,v1zhu,2026-05-01,22:07:29,-07:00,2026-05-01T22:07:29-07:00,4,44
global.js,111,js,06a63bf7,v1zhu,2026-05-01,22:07:29,-07:00,2026-05-01T22:07:29-07:00,3,4
global.js,112,js,5e5705b5,v1zhu,2026-04-24,22:02:49,-07:00,2026-04-24T22:02:49-07:00,2,0
global.js,113,js,5e5705b5,v1zhu,2026-04-24,22:02:49,-07:00,2026-04-24T22:02:49-07:00,2,36
global.js,114,js,5e5705b5,v1zhu,2026-04-24,22:02:49,-07:00,2026-04-24T22:02:49-07:00,1,0
global.js,115,js,5e5705b5,v1zhu,2026-04-24,22:02:49,-07:00,2026-04-24T22:02:49-07:00,0,0
global.js,116,js,5e5705b5,v1zhu,2026-04-24,22:02:49,-07:00,2026-04-24T22:02:49-07:00,0,47
global.js,117,js,5e5705b5,v1zhu,2026-04-24,22:02:49,-07:00,2026-04-24T22:02:49-07:00,1,22
global.js,118,js,5e5705b5,v1zhu,2026-04-24,22:02:49,-07:00,2026-04-24T22:02:49-07:00,1,59
global.js,119,js,5e5705b5,v1zhu,2026-04-24,22:02:49,-07:00,2026-04-24T22:02:49-07:00,0,0
resume/index.html,1,html,8655fa7b,v1zhu,2026-04-03,20:02:00,-07:00,2026-04-03T20:02:00-07:00,0,13
resume/index.html,2,html,8655fa7b,v1zhu,2026-04-03,20:02:00,-07:00,2026-04-03T20:02:00-07:00,0,14
resume/index.html,3,html,8655fa7b,v1zhu,2026-04-03,20:02:00,-07:00,2026-04-03T20:02:00-07:00,0,4
resume/index.html,4,html,8655fa7b,v1zhu,2026-04-03,20:02:00,-07:00,2026-04-03T20:02:00-07:00,2,20
resume/index.html,5,html,8655fa7b,v1zhu,2026-04-03,20:02:00,-07:00,2026-04-03T20:02:00-07:00,2,68
resume/index.html,6,html,7ba4ac4b,v1zhu,2026-04-10,21:00:52,-07:00,2026-04-10T21:00:52-07:00,2,41
resume/index.html,7,html,49c9ed18,v1zhu,2026-04-17,18:33:40,-07:00,2026-04-17T18:33:40-07:00,2,48
resume/index.html,8,html,8655fa7b,v1zhu,2026-04-03,20:02:00,-07:00,2026-04-03T20:02:00-07:00,2,19
resume/index.html,9,html,8655fa7b,v1zhu,2026-04-03,20:02:00,-07:00,2026-04-03T20:02:00-07:00,0,5
resume/index.html,10,html,8eee5b81,v1zhu,2026-04-10,21:34:43,-07:00,2026-04-10T21:34:43-07:00,0,21
resume/index.html,11,html,49c9ed18,v1zhu,2026-04-17,18:33:40,-07:00,2026-04-17T18:33:40-07:00,2,0
resume/index.html,12,html,8655fa7b,v1zhu,2026-04-03,20:02:00,-07:00,2026-04-03T20:02:00-07:00,2,34
resume/index.html,13,html,8655fa7b,v1zhu,2026-04-03,20:02:00,-07:00,2026-04-03T20:02:00-07:00,2,1
resume/index.html,14,html,8655fa7b,v1zhu,2026-04-03,20:02:00,-07:00,2026-04-03T20:02:00-07:00,4,159
resume/index.html,15,html,8655fa7b,v1zhu,2026-04-03,20:02:00,-07:00,2026-04-03T20:02:00-07:00,2,2
resume/index.html,16,html,8655fa7b,v1zhu,2026-04-03,20:02:00,-07:00,2026-04-03T20:02:00-07:00,2,7
resume/index.html,17,html,8655fa7b,v1zhu,2026-04-03,20:02:00,-07:00,2026-04-03T20:02:00-07:00,4,14
resume/index.html,18,html,8655fa7b,v1zhu,2026-04-03,20:02:00,-07:00,2026-04-03T20:02:00-07:00,4,7
resume/index.html,19,html,8655fa7b,v1zhu,2026-04-03,20:02:00,-07:00,2026-04-03T20:02:00-07:00,6,1
resume/index.html,20,html,8655fa7b,v1zhu,2026-04-03,20:02:00,-07:00,2026-04-03T20:02:00-07:00,8,65
resume/index.html,21,html,8655fa7b,v1zhu,2026-04-03,20:02:00,-07:00,2026-04-03T20:02:00-07:00,8,72
resume/index.html,22,html,8655fa7b,v1zhu,2026-04-03,20:02:00,-07:00,2026-04-03T20:02:00-07:00,8,79
resume/index.html,23,html,8655fa7b,v1zhu,2026-04-03,20:02:00,-07:00,2026-04-03T20:02:00-07:00,8,82
resume/index.html,24,html,8655fa7b,v1zhu,2026-04-03,20:02:00,-07:00,2026-04-03T20:02:00-07:00,8,68
resume/index.html,25,html,8655fa7b,v1zhu,2026-04-03,20:02:00,-07:00,2026-04-03T20:02:00-07:00,8,79
resume/index.html,26,html,8655fa7b,v1zhu,2026-04-03,20:02:00,-07:00,2026-04-03T20:02:00-07:00,8,78
resume/index.html,27,html,8655fa7b,v1zhu,2026-04-03,20:02:00,-07:00,2026-04-03T20:02:00-07:00,8,31
resume/index.html,28,html,8655fa7b,v1zhu,2026-04-03,20:02:00,-07:00,2026-04-03T20:02:00-07:00,6,2
resume/index.html,29,html,8655fa7b,v1zhu,2026-04-03,20:02:00,-07:00,2026-04-03T20:02:00-07:00,4,8
resume/index.html,30,html,8655fa7b,v1zhu,2026-04-03,20:02:00,-07:00,2026-04-03T20:02:00-07:00,2,8
resume/index.html,31,html,8655fa7b,v1zhu,2026-04-03,20:02:00,-07:00,2026-04-03T20:02:00-07:00,0,0
resume/index.html,32,html,8655fa7b,v1zhu,2026-04-03,20:02:00,-07:00,2026-04-03T20:02:00-07:00,2,7
resume/index.html,33,html,8655fa7b,v1zhu,2026-04-03,20:02:00,-07:00,2026-04-03T20:02:00-07:00,4,16
resume/index.html,34,html,8655fa7b,v1zhu,2026-04-03,20:02:00,-07:00,2026-04-03T20:02:00-07:00,4,7
resume/index.html,35,html,8655fa7b,v1zhu,2026-04-03,20:02:00,-07:00,2026-04-03T20:02:00-07:00,6,1
resume/index.html,36,html,8655fa7b,v1zhu,2026-04-03,20:02:00,-07:00,2026-04-03T20:02:00-07:00,8,173
resume/index.html,37,html,8655fa7b,v1zhu,2026-04-03,20:02:00,-07:00,2026-04-03T20:02:00-07:00,6,2
resume/index.html,38,html,8655fa7b,v1zhu,2026-04-03,20:02:00,-07:00,2026-04-03T20:02:00-07:00,6,0
resume/index.html,39,html,8655fa7b,v1zhu,2026-04-03,20:02:00,-07:00,2026-04-03T20:02:00-07:00,4,8
resume/index.html,40,html,8655fa7b,v1zhu,2026-04-03,20:02:00,-07:00,2026-04-03T20:02:00-07:00,2,8
resume/index.html,41,html,8655fa7b,v1zhu,2026-04-03,20:02:00,-07:00,2026-04-03T20:02:00-07:00,0,0
resume/index.html,42,html,8655fa7b,v1zhu,2026-04-03,20:02:00,-07:00,2026-04-03T20:02:00-07:00,2,7
resume/index.html,43,html,8655fa7b,v1zhu,2026-04-03,20:02:00,-07:00,2026-04-03T20:02:00-07:00,4,13
resume/index.html,44,html,8655fa7b,v1zhu,2026-04-03,20:02:00,-07:00,2026-04-03T20:02:00-07:00,4,7
resume/index.html,45,html,8655fa7b,v1zhu,2026-04-03,20:02:00,-07:00,2026-04-03T20:02:00-07:00,6,1
resume/index.html,46,html,8655fa7b,v1zhu,2026-04-03,20:02:00,-07:00,2026-04-03T20:02:00-07:00,8,93
resume/index.html,47,html,8655fa7b,v1zhu,2026-04-03,20:02:00,-07:00,2026-04-03T20:02:00-07:00,8,79
resume/index.html,48,html,8655fa7b,v1zhu,2026-04-03,20:02:00,-07:00,2026-04-03T20:02:00-07:00,6,2
resume/index.html,49,html,8655fa7b,v1zhu,2026-04-03,20:02:00,-07:00,2026-04-03T20:02:00-07:00,4,8
resume/index.html,50,html,8655fa7b,v1zhu,2026-04-03,20:02:00,-07:00,2026-04-03T20:02:00-07:00,2,8
resume/index.html,51,html,8655fa7b,v1zhu,2026-04-03,20:02:00,-07:00,2026-04-03T20:02:00-07:00,2,0
resume/index.html,52,html,8655fa7b,v1zhu,2026-04-03,20:02:00,-07:00,2026-04-03T20:02:00-07:00,2,7
resume/index.html,53,html,8655fa7b,v1zhu,2026-04-03,20:02:00,-07:00,2026-04-03T20:02:00-07:00,4,17
resume/index.html,54,html,8655fa7b,v1zhu,2026-04-03,20:02:00,-07:00,2026-04-03T20:02:00-07:00,4,7
resume/index.html,55,html,8655fa7b,v1zhu,2026-04-03,20:02:00,-07:00,2026-04-03T20:02:00-07:00,6,50
resume/index.html,56,html,8655fa7b,v1zhu,2026-04-03,20:02:00,-07:00,2026-04-03T20:02:00-07:00,6,1
resume/index.html,57,html,8655fa7b,v1zhu,2026-04-03,20:02:00,-07:00,2026-04-03T20:02:00-07:00,8,89
resume/index.html,58,html,b6eec167,v1zhu,2026-04-03,20:09:38,-07:00,2026-04-03T20:09:38-07:00,6,2
resume/index.html,59,html,b6eec167,v1zhu,2026-04-03,20:09:38,-07:00,2026-04-03T20:09:38-07:00,8,62
resume/index.html,60,html,b6eec167,v1zhu,2026-04-03,20:09:38,-07:00,2026-04-03T20:09:38-07:00,10,66
resume/index.html,61,html,b6eec167,v1zhu,2026-04-03,20:09:38,-07:00,2026-04-03T20:09:38-07:00,10,46
resume/index.html,62,html,b6eec167,v1zhu,2026-04-03,20:09:38,-07:00,2026-04-03T20:09:38-07:00,8,3
resume/index.html,63,html,b6eec167,v1zhu,2026-04-03,20:09:38,-07:00,2026-04-03T20:09:38-07:00,8,2
resume/index.html,64,html,b6eec167,v1zhu,2026-04-03,20:09:38,-07:00,2026-04-03T20:09:38-07:00,10,63
resume/index.html,65,html,b6eec167,v1zhu,2026-04-03,20:09:38,-07:00,2026-04-03T20:09:38-07:00,10,64
resume/index.html,66,html,b6eec167,v1zhu,2026-04-03,20:09:38,-07:00,2026-04-03T20:09:38-07:00,10,33
resume/index.html,67,html,b6eec167,v1zhu,2026-04-03,20:09:38,-07:00,2026-04-03T20:09:38-07:00,8,3
resume/index.html,68,html,b6eec167,v1zhu,2026-04-03,20:09:38,-07:00,2026-04-03T20:09:38-07:00,8,2
resume/index.html,69,html,b6eec167,v1zhu,2026-04-03,20:09:38,-07:00,2026-04-03T20:09:38-07:00,10,57
resume/index.html,70,html,b6eec167,v1zhu,2026-04-03,20:09:38,-07:00,2026-04-03T20:09:38-07:00,10,69
resume/index.html,71,html,b6eec167,v1zhu,2026-04-03,20:09:38,-07:00,2026-04-03T20:09:38-07:00,10,35
resume/index.html,72,html,b6eec167,v1zhu,2026-04-03,20:09:38,-07:00,2026-04-03T20:09:38-07:00,8,3
resume/index.html,73,html,b6eec167,v1zhu,2026-04-03,20:09:38,-07:00,2026-04-03T20:09:38-07:00,6,3
resume/index.html,74,html,b6eec167,v1zhu,2026-04-03,20:09:38,-07:00,2026-04-03T20:09:38-07:00,8,0
resume/index.html,75,html,8655fa7b,v1zhu,2026-04-03,20:02:00,-07:00,2026-04-03T20:02:00-07:00,4,8
resume/index.html,76,html,8655fa7b,v1zhu,2026-04-03,20:02:00,-07:00,2026-04-03T20:02:00-07:00,2,8
resume/index.html,77,html,8655fa7b,v1zhu,2026-04-03,20:02:00,-07:00,2026-04-03T20:02:00-07:00,0,0
resume/index.html,78,html,8655fa7b,v1zhu,2026-04-03,20:02:00,-07:00,2026-04-03T20:02:00-07:00,2,7
resume/index.html,79,html,8655fa7b,v1zhu,2026-04-03,20:02:00,-07:00,2026-04-03T20:02:00-07:00,4,15
resume/index.html,80,html,8655fa7b,v1zhu,2026-04-03,20:02:00,-07:00,2026-04-03T20:02:00-07:00,4,7
resume/index.html,81,html,8655fa7b,v1zhu,2026-04-03,20:02:00,-07:00,2026-04-03T20:02:00-07:00,6,15
resume/index.html,82,html,b6eec167,v1zhu,2026-04-03,20:09:38,-07:00,2026-04-03T20:09:38-07:00,6,2
resume/index.html,83,html,b6eec167,v1zhu,2026-04-03,20:09:38,-07:00,2026-04-03T20:09:38-07:00,8,2
resume/index.html,84,html,b6eec167,v1zhu,2026-04-03,20:09:38,-07:00,2026-04-03T20:09:38-07:00,10,58
resume/index.html,85,html,b6eec167,v1zhu,2026-04-03,20:09:38,-07:00,2026-04-03T20:09:38-07:00,10,62
resume/index.html,86,html,b6eec167,v1zhu,2026-04-03,20:09:38,-07:00,2026-04-03T20:09:38-07:00,10,67
resume/index.html,87,html,b6eec167,v1zhu,2026-04-03,20:09:38,-07:00,2026-04-03T20:09:38-07:00,10,27
resume/index.html,88,html,b6eec167,v1zhu,2026-04-03,20:09:38,-07:00,2026-04-03T20:09:38-07:00,8,3
resume/index.html,89,html,b6eec167,v1zhu,2026-04-03,20:09:38,-07:00,2026-04-03T20:09:38-07:00,8,2
resume/index.html,90,html,b6eec167,v1zhu,2026-04-03,20:09:38,-07:00,2026-04-03T20:09:38-07:00,10,63
resume/index.html,91,html,b6eec167,v1zhu,2026-04-03,20:09:38,-07:00,2026-04-03T20:09:38-07:00,10,66
resume/index.html,92,html,b6eec167,v1zhu,2026-04-03,20:09:38,-07:00,2026-04-03T20:09:38-07:00,10,32
resume/index.html,93,html,b6eec167,v1zhu,2026-04-03,20:09:38,-07:00,2026-04-03T20:09:38-07:00,8,3
resume/index.html,94,html,b6eec167,v1zhu,2026-04-03,20:09:38,-07:00,2026-04-03T20:09:38-07:00,8,2
resume/index.html,95,html,b6eec167,v1zhu,2026-04-03,20:09:38,-07:00,2026-04-03T20:09:38-07:00,10,61
resume/index.html,96,html,b6eec167,v1zhu,2026-04-03,20:09:38,-07:00,2026-04-03T20:09:38-07:00,10,64
resume/index.html,97,html,b6eec167,v1zhu,2026-04-03,20:09:38,-07:00,2026-04-03T20:09:38-07:00,10,39
resume/index.html,98,html,b6eec167,v1zhu,2026-04-03,20:09:38,-07:00,2026-04-03T20:09:38-07:00,8,3
resume/index.html,99,html,b6eec167,v1zhu,2026-04-03,20:09:38,-07:00,2026-04-03T20:09:38-07:00,6,3
resume/index.html,100,html,8655fa7b,v1zhu,2026-04-03,20:02:00,-07:00,2026-04-03T20:02:00-07:00,4,8
resume/index.html,101,html,8655fa7b,v1zhu,2026-04-03,20:02:00,-07:00,2026-04-03T20:02:00-07:00,4,7
resume/index.html,102,html,8655fa7b,v1zhu,2026-04-03,20:02:00,-07:00,2026-04-03T20:02:00-07:00,6,28
resume/index.html,103,html,b6eec167,v1zhu,2026-04-03,20:09:38,-07:00,2026-04-03T20:09:38-07:00,6,2
resume/index.html,104,html,b6eec167,v1zhu,2026-04-03,20:09:38,-07:00,2026-04-03T20:09:38-07:00,8,2
resume/index.html,105,html,b6eec167,v1zhu,2026-04-03,20:09:38,-07:00,2026-04-03T20:09:38-07:00,10,65
resume/index.html,106,html,b6eec167,v1zhu,2026-04-03,20:09:38,-07:00,2026-04-03T20:09:38-07:00,10,70
resume/index.html,107,html,b6eec167,v1zhu,2026-04-03,20:09:38,-07:00,2026-04-03T20:09:38-07:00,10,40
resume/index.html,108,html,b6eec167,v1zhu,2026-04-03,20:09:38,-07:00,2026-04-03T20:09:38-07:00,8,3
resume/index.html,109,html,b6eec167,v1zhu,2026-04-03,20:09:38,-07:00,2026-04-03T20:09:38-07:00,8,2
resume/index.html,110,html,b6eec167,v1zhu,2026-04-03,20:09:38,-07:00,2026-04-03T20:09:38-07:00,10,68
resume/index.html,111,html,b6eec167,v1zhu,2026-04-03,20:09:38,-07:00,2026-04-03T20:09:38-07:00,10,43
resume/index.html,112,html,b6eec167,v1zhu,2026-04-03,20:09:38,-07:00,2026-04-03T20:09:38-07:00,8,3
resume/index.html,113,html,b6eec167,v1zhu,2026-04-03,20:09:38,-07:00,2026-04-03T20:09:38-07:00,8,2
resume/index.html,114,html,b6eec167,v1zhu,2026-04-03,20:09:38,-07:00,2026-04-03T20:09:38-07:00,10,56
resume/index.html,115,html,b6eec167,v1zhu,2026-04-03,20:09:38,-07:00,2026-04-03T20:09:38-07:00,10,63
resume/index.html,116,html,b6eec167,v1zhu,2026-04-03,20:09:38,-07:00,2026-04-03T20:09:38-07:00,8,3
resume/index.html,117,html,b6eec167,v1zhu,2026-04-03,20:09:38,-07:00,2026-04-03T20:09:38-07:00,6,3
resume/index.html,118,html,8655fa7b,v1zhu,2026-04-03,20:02:00,-07:00,2026-04-03T20:02:00-07:00,4,8
resume/index.html,119,html,8655fa7b,v1zhu,2026-04-03,20:02:00,-07:00,2026-04-03T20:02:00-07:00,4,7
resume/index.html,120,html,8655fa7b,v1zhu,2026-04-03,20:02:00,-07:00,2026-04-03T20:02:00-07:00,6,44
resume/index.html,121,html,b6eec167,v1zhu,2026-04-03,20:09:38,-07:00,2026-04-03T20:09:38-07:00,6,2
resume/index.html,122,html,b6eec167,v1zhu,2026-04-03,20:09:38,-07:00,2026-04-03T20:09:38-07:00,8,2
resume/index.html,123,html,b6eec167,v1zhu,2026-04-03,20:09:38,-07:00,2026-04-03T20:09:38-07:00,10,64
resume/index.html,124,html,b6eec167,v1zhu,2026-04-03,20:09:38,-07:00,2026-04-03T20:09:38-07:00,10,65
resume/index.html,125,html,b6eec167,v1zhu,2026-04-03,20:09:38,-07:00,2026-04-03T20:09:38-07:00,10,31
resume/index.html,126,html,b6eec167,v1zhu,2026-04-03,20:09:38,-07:00,2026-04-03T20:09:38-07:00,8,3
resume/index.html,127,html,b6eec167,v1zhu,2026-04-03,20:09:38,-07:00,2026-04-03T20:09:38-07:00,8,2
resume/index.html,128,html,b6eec167,v1zhu,2026-04-03,20:09:38,-07:00,2026-04-03T20:09:38-07:00,10,55
resume/index.html,129,html,b6eec167,v1zhu,2026-04-03,20:09:38,-07:00,2026-04-03T20:09:38-07:00,10,61
resume/index.html,130,html,b6eec167,v1zhu,2026-04-03,20:09:38,-07:00,2026-04-03T20:09:38-07:00,10,66
resume/index.html,131,html,b6eec167,v1zhu,2026-04-03,20:09:38,-07:00,2026-04-03T20:09:38-07:00,10,7
resume/index.html,132,html,b6eec167,v1zhu,2026-04-03,20:09:38,-07:00,2026-04-03T20:09:38-07:00,8,3
resume/index.html,133,html,b6eec167,v1zhu,2026-04-03,20:09:38,-07:00,2026-04-03T20:09:38-07:00,6,3
resume/index.html,134,html,8655fa7b,v1zhu,2026-04-03,20:02:00,-07:00,2026-04-03T20:02:00-07:00,4,8
resume/index.html,135,html,8655fa7b,v1zhu,2026-04-03,20:02:00,-07:00,2026-04-03T20:02:00-07:00,2,8
resume/index.html,136,html,8655fa7b,v1zhu,2026-04-03,20:02:00,-07:00,2026-04-03T20:02:00-07:00,0,0
resume/index.html,137,html,8655fa7b,v1zhu,2026-04-03,20:02:00,-07:00,2026-04-03T20:02:00-07:00,0,5
resume/index.html,138,html,8655fa7b,v1zhu,2026-04-03,20:02:00,-07:00,2026-04-03T20:02:00-07:00,0,5
projects/projects.js,1,js,ef8d3795,v1zhu,2026-04-24,22:10:59,-07:00,2026-04-24T22:10:59-07:00,0,66
projects/projects.js,2,js,ef8d3795,v1zhu,2026-04-24,22:10:59,-07:00,2026-04-24T22:10:59-07:00,0,64
projects/projects.js,3,js,5e5705b5,v1zhu,2026-04-24,22:02:49,-07:00,2026-04-24T22:02:49-07:00,0,60
projects/projects.js,4,js,06a63bf7,v1zhu,2026-05-01,22:07:29,-07:00,2026-05-01T22:07:29-07:00,0,55
projects/projects.js,5,js,06a63bf7,v1zhu,2026-05-01,22:07:29,-07:00,2026-05-01T22:07:29-07:00,0,0
projects/projects.js,6,js,06a63bf7,v1zhu,2026-05-01,22:07:29,-07:00,2026-05-01T22:07:29-07:00,0,48
projects/projects.js,7,js,06a63bf7,v1zhu,2026-05-01,22:07:29,-07:00,2026-05-01T22:07:29-07:00,0,0
projects/projects.js,8,js,06a63bf7,v1zhu,2026-05-01,22:07:29,-07:00,2026-05-01T22:07:29-07:00,0,63
projects/projects.js,9,js,06a63bf7,v1zhu,2026-05-01,22:07:29,-07:00,2026-05-01T22:07:29-07:00,0,57
projects/projects.js,10,js,06a63bf7,v1zhu,2026-05-01,22:07:29,-07:00,2026-05-01T22:07:29-07:00,0,13
projects/projects.js,11,js,06a63bf7,v1zhu,2026-05-01,22:07:29,-07:00,2026-05-01T22:07:29-07:00,0,22
projects/projects.js,12,js,06a63bf7,v1zhu,2026-05-01,22:07:29,-07:00,2026-05-01T22:07:29-07:00,0,0
projects/projects.js,13,js,06a63bf7,v1zhu,2026-05-01,22:07:29,-07:00,2026-05-01T22:07:29-07:00,0,30
projects/projects.js,14,js,06a63bf7,v1zhu,2026-05-01,22:07:29,-07:00,2026-05-01T22:07:29-07:00,1,26
projects/projects.js,15,js,06a63bf7,v1zhu,2026-05-01,22:07:29,-07:00,2026-05-01T22:07:29-07:00,1,31
projects/projects.js,16,js,06a63bf7,v1zhu,2026-05-01,22:07:29,-07:00,2026-05-01T22:07:29-07:00,2,60
projects/projects.js,17,js,06a63bf7,v1zhu,2026-05-01,22:07:29,-07:00,2026-05-01T22:07:29-07:00,1,0
projects/projects.js,18,js,06a63bf7,v1zhu,2026-05-01,22:07:29,-07:00,2026-05-01T22:07:29-07:00,0,0
projects/projects.js,19,js,06a63bf7,v1zhu,2026-05-01,22:07:29,-07:00,2026-05-01T22:07:29-07:00,0,25
projects/projects.js,20,js,06a63bf7,v1zhu,2026-05-01,22:07:29,-07:00,2026-05-01T22:07:29-07:00,1,37
projects/projects.js,21,js,06a63bf7,v1zhu,2026-05-01,22:07:29,-07:00,2026-05-01T22:07:29-07:00,0,0
projects/projects.js,22,js,06a63bf7,v1zhu,2026-05-01,22:07:29,-07:00,2026-05-01T22:07:29-07:00,1,60
projects/projects.js,23,js,06a63bf7,v1zhu,2026-05-01,22:07:29,-07:00,2026-05-01T22:07:29-07:00,1,94
projects/projects.js,24,js,06a63bf7,v1zhu,2026-05-01,22:07:29,-07:00,2026-05-01T22:07:29-07:00,1,76
projects/projects.js,25,js,06a63bf7,v1zhu,2026-05-01,22:07:29,-07:00,2026-05-01T22:07:29-07:00,2,18
projects/projects.js,26,js,06a63bf7,v1zhu,2026-05-01,22:07:29,-07:00,2026-05-01T22:07:29-07:00,1,0
projects/projects.js,27,js,06a63bf7,v1zhu,2026-05-01,22:07:29,-07:00,2026-05-01T22:07:29-07:00,0,0
projects/projects.js,28,js,06a63bf7,v1zhu,2026-05-01,22:07:29,-07:00,2026-05-01T22:07:29-07:00,1,34
projects/projects.js,29,js,06a63bf7,v1zhu,2026-05-01,22:07:29,-07:00,2026-05-01T22:07:29-07:00,2,61
projects/projects.js,30,js,06a63bf7,v1zhu,2026-05-01,22:07:29,-07:00,2026-05-01T22:07:29-07:00,2,9
projects/projects.js,31,js,06a63bf7,v1zhu,2026-05-01,22:07:29,-07:00,2026-05-01T22:07:29-07:00,0,0
projects/projects.js,32,js,06a63bf7,v1zhu,2026-05-01,22:07:29,-07:00,2026-05-01T22:07:29-07:00,1,73
projects/projects.js,33,js,06a63bf7,v1zhu,2026-05-01,22:07:29,-07:00,2026-05-01T22:07:29-07:00,1,78
projects/projects.js,34,js,06a63bf7,v1zhu,2026-05-01,22:07:29,-07:00,2026-05-01T22:07:29-07:00,0,0
projects/projects.js,35,js,06a63bf7,v1zhu,2026-05-01,22:07:29,-07:00,2026-05-01T22:07:29-07:00,1,50
projects/projects.js,36,js,06a63bf7,v1zhu,2026-05-01,22:07:29,-07:00,2026-05-01T22:07:29-07:00,1,35
projects/projects.js,37,js,06a63bf7,v1zhu,2026-05-01,22:07:29,-07:00,2026-05-01T22:07:29-07:00,1,45
projects/projects.js,38,js,06a63bf7,v1zhu,2026-05-01,22:07:29,-07:00,2026-05-01T22:07:29-07:00,1,49
projects/projects.js,39,js,06a63bf7,v1zhu,2026-05-01,22:07:29,-07:00,2026-05-01T22:07:29-07:00,0,0
projects/projects.js,40,js,06a63bf7,v1zhu,2026-05-01,22:07:29,-07:00,2026-05-01T22:07:29-07:00,1,42
projects/projects.js,41,js,06a63bf7,v1zhu,2026-05-01,22:07:29,-07:00,2026-05-01T22:07:29-07:00,1,34
projects/projects.js,42,js,06a63bf7,v1zhu,2026-05-01,22:07:29,-07:00,2026-05-01T22:07:29-07:00,1,29
projects/projects.js,43,js,06a63bf7,v1zhu,2026-05-01,22:07:29,-07:00,2026-05-01T22:07:29-07:00,1,30
projects/projects.js,44,js,06a63bf7,v1zhu,2026-05-01,22:07:29,-07:00,2026-05-01T22:07:29-07:00,0,0
projects/projects.js,45,js,06a63bf7,v1zhu,2026-05-01,22:07:29,-07:00,2026-05-01T22:07:29-07:00,1,26
projects/projects.js,46,js,06a63bf7,v1zhu,2026-05-01,22:07:29,-07:00,2026-05-01T22:07:29-07:00,2,1
projects/projects.js,47,js,06a63bf7,v1zhu,2026-05-01,22:07:29,-07:00,2026-05-01T22:07:29-07:00,3,13
projects/projects.js,48,js,06a63bf7,v1zhu,2026-05-01,22:07:29,-07:00,2026-05-01T22:07:29-07:00,3,13
projects/projects.js,49,js,06a63bf7,v1zhu,2026-05-01,22:07:29,-07:00,2026-05-01T22:07:29-07:00,3,24
projects/projects.js,50,js,06a63bf7,v1zhu,2026-05-01,22:07:29,-07:00,2026-05-01T22:07:29-07:00,3,80
projects/projects.js,51,js,06a63bf7,v1zhu,2026-05-01,22:07:29,-07:00,2026-05-01T22:07:29-07:00,3,18
projects/projects.js,52,js,06a63bf7,v1zhu,2026-05-01,22:07:29,-07:00,2026-05-01T22:07:29-07:00,4,87
projects/projects.js,53,js,06a63bf7,v1zhu,2026-05-01,22:07:29,-07:00,2026-05-01T22:07:29-07:00,4,15
projects/projects.js,54,js,06a63bf7,v1zhu,2026-05-01,22:07:29,-07:00,2026-05-01T22:07:29-07:00,3,1
projects/projects.js,55,js,06a63bf7,v1zhu,2026-05-01,22:07:29,-07:00,2026-05-01T22:07:29-07:00,1,1
projects/projects.js,56,js,06a63bf7,v1zhu,2026-05-01,22:07:29,-07:00,2026-05-01T22:07:29-07:00,0,0
projects/projects.js,57,js,06a63bf7,v1zhu,2026-05-01,22:07:29,-07:00,2026-05-01T22:07:29-07:00,1,24
projects/projects.js,58,js,06a63bf7,v1zhu,2026-05-01,22:07:29,-07:00,2026-05-01T22:07:29-07:00,2,4
projects/projects.js,59,js,06a63bf7,v1zhu,2026-05-01,22:07:29,-07:00,2026-05-01T22:07:29-07:00,3,11
projects/projects.js,60,js,06a63bf7,v1zhu,2026-05-01,22:07:29,-07:00,2026-05-01T22:07:29-07:00,3,95
projects/projects.js,61,js,06a63bf7,v1zhu,2026-05-01,22:07:29,-07:00,2026-05-01T22:07:29-07:00,3,38
projects/projects.js,62,js,06a63bf7,v1zhu,2026-05-01,22:07:29,-07:00,2026-05-01T22:07:29-07:00,3,69
projects/projects.js,63,js,06a63bf7,v1zhu,2026-05-01,22:07:29,-07:00,2026-05-01T22:07:29-07:00,1,1
projects/projects.js,64,js,06a63bf7,v1zhu,2026-05-01,22:07:29,-07:00,2026-05-01T22:07:29-07:00,0,0
projects/projects.js,65,js,06a63bf7,v1zhu,2026-05-01,22:07:29,-07:00,2026-05-01T22:07:29-07:00,1,55
projects/projects.js,66,js,06a63bf7,v1zhu,2026-05-01,22:07:29,-07:00,2026-05-01T22:07:29-07:00,0,0
projects/projects.js,67,js,06a63bf7,v1zhu,2026-05-01,22:07:29,-07:00,2026-05-01T22:07:29-07:00,0,0
projects/projects.js,68,js,06a63bf7,v1zhu,2026-05-01,22:07:29,-07:00,2026-05-01T22:07:29-07:00,0,48
projects/projects.js,69,js,06a63bf7,v1zhu,2026-05-01,22:07:29,-07:00,2026-05-01T22:07:29-07:00,1,39
projects/projects.js,70,js,06a63bf7,v1zhu,2026-05-01,22:07:29,-07:00,2026-05-01T22:07:29-07:00,1,15
projects/projects.js,71,js,06a63bf7,v1zhu,2026-05-01,22:07:29,-07:00,2026-05-01T22:07:29-07:00,0,1
projects/projects.js,72,js,06a63bf7,v1zhu,2026-05-01,22:07:29,-07:00,2026-05-01T22:07:29-07:00,0,0
projects/projects.js,73,js,06a63bf7,v1zhu,2026-05-01,22:07:29,-07:00,2026-05-01T22:07:29-07:00,0,15
projects/projects.js,74,js,06a63bf7,v1zhu,2026-05-01,22:07:29,-07:00,2026-05-01T22:07:29-07:00,0,0
projects/projects.js,75,js,06a63bf7,v1zhu,2026-05-01,22:07:29,-07:00,2026-05-01T22:07:29-07:00,0,0
projects/index.html,1,html,8655fa7b,v1zhu,2026-04-03,20:02:00,-07:00,2026-04-03T20:02:00-07:00,0,13
projects/index.html,2,html,8655fa7b,v1zhu,2026-04-03,20:02:00,-07:00,2026-04-03T20:02:00-07:00,0,14
projects/index.html,3,html,8655fa7b,v1zhu,2026-04-03,20:02:00,-07:00,2026-04-03T20:02:00-07:00,0,4
projects/index.html,4,html,8655fa7b,v1zhu,2026-04-03,20:02:00,-07:00,2026-04-03T20:02:00-07:00,2,20
projects/index.html,5,html,8655fa7b,v1zhu,2026-04-03,20:02:00,-07:00,2026-04-03T20:02:00-07:00,2,68
projects/index.html,6,html,7ba4ac4b,v1zhu,2026-04-10,21:00:52,-07:00,2026-04-10T21:00:52-07:00,2,41
projects/index.html,7,html,5e5705b5,v1zhu,2026-04-24,22:02:49,-07:00,2026-04-24T22:02:49-07:00,2,57
projects/index.html,8,html,5e5705b5,v1zhu,2026-04-24,22:02:49,-07:00,2026-04-24T22:02:49-07:00,2,48
projects/index.html,9,html,5e5705b5,v1zhu,2026-04-24,22:02:49,-07:00,2026-04-24T22:02:49-07:00,2,47
projects/index.html,10,html,8655fa7b,v1zhu,2026-04-03,20:02:00,-07:00,2026-04-03T20:02:00-07:00,2,21
projects/index.html,11,html,8655fa7b,v1zhu,2026-04-03,20:02:00,-07:00,2026-04-03T20:02:00-07:00,0,5
projects/index.html,12,html,8655fa7b,v1zhu,2026-04-03,20:02:00,-07:00,2026-04-03T20:02:00-07:00,0,4
projects/index.html,13,html,06a63bf7,v1zhu,2026-05-01,22:07:29,-07:00,2026-05-01T22:07:29-07:00,2,21
projects/index.html,14,html,06a63bf7,v1zhu,2026-05-01,22:07:29,-07:00,2026-05-01T22:07:29-07:00,4,58
projects/index.html,15,html,06a63bf7,v1zhu,2026-05-01,22:07:29,-07:00,2026-05-01T22:07:29-07:00,4,22
projects/index.html,16,html,06a63bf7,v1zhu,2026-05-01,22:07:29,-07:00,2026-05-01T22:07:29-07:00,2,4
projects/index.html,17,html,06a63bf7,v1zhu,2026-05-01,22:07:29,-07:00,2026-05-01T22:07:29-07:00,2,4
projects/index.html,18,html,06a63bf7,v1zhu,2026-05-01,22:07:29,-07:00,2026-05-01T22:07:29-07:00,2,15
projects/index.html,19,html,06a63bf7,v1zhu,2026-05-01,22:07:29,-07:00,2026-05-01T22:07:29-07:00,2,11
projects/index.html,20,html,06a63bf7,v1zhu,2026-05-01,22:07:29,-07:00,2026-05-01T22:07:29-07:00,2,26
projects/index.html,21,html,06a63bf7,v1zhu,2026-05-01,22:07:29,-07:00,2026-05-01T22:07:29-07:00,2,31
projects/index.html,22,html,06a63bf7,v1zhu,2026-05-01,22:07:29,-07:00,2026-05-01T22:07:29-07:00,2,0
projects/index.html,23,html,7ba4ac4b,v1zhu,2026-04-10,21:00:52,-07:00,2026-04-10T21:00:52-07:00,2,32
projects/index.html,24,html,5e5705b5,v1zhu,2026-04-24,22:02:49,-07:00,2026-04-24T22:02:49-07:00,2,26
projects/index.html,25,html,8655fa7b,v1zhu,2026-04-03,20:02:00,-07:00,2026-04-03T20:02:00-07:00,0,5
projects/index.html,26,html,8655fa7b,v1zhu,2026-04-03,20:02:00,-07:00,2026-04-03T20:02:00-07:00,0,5
contact/index.html,1,html,8655fa7b,v1zhu,2026-04-03,20:02:00,-07:00,2026-04-03T20:02:00-07:00,0,13
contact/index.html,2,html,8655fa7b,v1zhu,2026-04-03,20:02:00,-07:00,2026-04-03T20:02:00-07:00,0,14
contact/index.html,3,html,8655fa7b,v1zhu,2026-04-03,20:02:00,-07:00,2026-04-03T20:02:00-07:00,0,4
contact/index.html,4,html,8655fa7b,v1zhu,2026-04-03,20:02:00,-07:00,2026-04-03T20:02:00-07:00,2,20
contact/index.html,5,html,8655fa7b,v1zhu,2026-04-03,20:02:00,-07:00,2026-04-03T20:02:00-07:00,2,68
contact/index.html,6,html,7ba4ac4b,v1zhu,2026-04-10,21:00:52,-07:00,2026-04-10T21:00:52-07:00,2,41
contact/index.html,7,html,49c9ed18,v1zhu,2026-04-17,18:33:40,-07:00,2026-04-17T18:33:40-07:00,2,48
contact/index.html,8,html,8655fa7b,v1zhu,2026-04-03,20:02:00,-07:00,2026-04-03T20:02:00-07:00,2,20
contact/index.html,9,html,8655fa7b,v1zhu,2026-04-03,20:02:00,-07:00,2026-04-03T20:02:00-07:00,0,5
contact/index.html,10,html,8655fa7b,v1zhu,2026-04-03,20:02:00,-07:00,2026-04-03T20:02:00-07:00,0,4
contact/index.html,11,html,49c9ed18,v1zhu,2026-04-17,18:33:40,-07:00,2026-04-17T18:33:40-07:00,2,0
contact/index.html,12,html,7ba4ac4b,v1zhu,2026-04-10,21:00:52,-07:00,2026-04-10T21:00:52-07:00,2,32
contact/index.html,13,html,49c9ed18,v1zhu,2026-04-17,18:33:40,-07:00,2026-04-17T18:33:40-07:00,2,51
contact/index.html,14,html,49c9ed18,v1zhu,2026-04-17,18:33:40,-07:00,2026-04-17T18:33:40-07:00,4,16
contact/index.html,15,html,8655fa7b,v1zhu,2026-04-03,20:02:00,-07:00,2026-04-03T20:02:00-07:00,6,35
contact/index.html,16,html,49c9ed18,v1zhu,2026-04-17,18:33:40,-07:00,2026-04-17T18:33:40-07:00,4,10
contact/index.html,17,html,7ba4ac4b,v1zhu,2026-04-10,21:00:52,-07:00,2026-04-10T21:00:52-07:00,4,13
contact/index.html,18,html,8655fa7b,v1zhu,2026-04-03,20:02:00,-07:00,2026-04-03T20:02:00-07:00,6,22
contact/index.html,19,html,8655fa7b,v1zhu,2026-04-03,20:02:00,-07:00,2026-04-03T20:02:00-07:00,4,6
contact/index.html,20,html,7ba4ac4b,v1zhu,2026-04-10,21:00:52,-07:00,2026-04-10T21:00:52-07:00,4,10
contact/index.html,21,html,8655fa7b,v1zhu,2026-04-03,20:02:00,-07:00,2026-04-03T20:02:00-07:00,6,33
contact/index.html,22,html,8655fa7b,v1zhu,2026-04-03,20:02:00,-07:00,2026-04-03T20:02:00-07:00,4,6
contact/index.html,23,html,7ba4ac4b,v1zhu,2026-04-10,21:00:52,-07:00,2026-04-10T21:00:52-07:00,4,19
contact/index.html,24,html,8655fa7b,v1zhu,2026-04-03,20:02:00,-07:00,2026-04-03T20:02:00-07:00,2,5
contact/index.html,25,html,8655fa7b,v1zhu,2026-04-03,20:02:00,-07:00,2026-04-03T20:02:00-07:00,0,5
contact/index.html,26,html,8655fa7b,v1zhu,2026-04-03,20:02:00,-07:00,2026-04-03T20:02:00-07:00,0,5
